player_id,player_name,pos,foot,birth_date,born,weight,height,passport,team_id,team,Chutes,Gols,Assistencias,Media_Passes_Certos,Media_Chutes_certos,Soma_Gol+Assist+medias,Target
8717,H. Kane,FWD,right,19930728,0,86,188,372,2413,England,11,7,0,0.80,0.64,8.44,Craque
8287,L. Modrić,MID,right,19850909,191,66,172,191,9598,Croatia,8,4,1,0.87,0.50,6.37,Craque
3682,A. Griezmann,FWD,left,19910321,250,71,175,250,4418,France,10,3,2,0.82,0.30,6.12,Craque
4513,D. Cheryshev,MID,left,19901226,643,74,179,724,14358,Russia,10,5,0,0.58,0.50,6.08,Craque
7905,R. Lukaku,FWD,left,19930513,56,94,190,180,5629,Belgium,13,4,1,0.77,0.31,6.07,Craque
25707,E. Hazard,FWD,right,19910107,56,74,173,56,5629,Belgium,14,3,2,0.83,0.21,6.05,Craque
257800,A. Golovin,MID,right,19960530,643,69,180,643,14358,Russia,2,2,2,0.78,1.00,5.78,Craque
353833,K. Mbappé,FWD,right,19981220,250,73,178,120,4418,France,7,4,0,0.75,0.57,5.32,Craque
3322,Cristiano Ronaldo,FWD,right,19850205,620,83,187,620,9905,Portugal,13,4,0,0.85,0.31,5.16,Craque
3802,Philippe Coutinho,FWD,right,19920612,76,68,171,76,6380,Brazil,22,2,2,0.90,0.09,4.99,Craque
14943,M. Mandžukić,FWD,right,19860114,191,84,187,191,9598,Croatia,12,3,1,0.72,0.25,4.97,Craque
25776,W. Khazri,MID,right,19910208,250,76,182,788,16276,Tunisia,9,2,2,0.73,0.22,4.96,Craque
256634,Y. Mina,DEF,right,19940923,170,75,195,170,12430,Colombia,3,3,0,0.93,1.00,4.93,Craque
14812,I. Perišić,MID,right,19890202,191,80,186,191,9598,Croatia,21,3,1,0.66,0.14,4.80,Craque
69396,D. Vida,DEF,right,19890429,191,73,184,191,9598,Croatia,3,2,1,0.88,0.67,4.55,Craque
4338,Diego Costa,FWD,right,19881007,76,85,188,724,1598,Spain,8,3,0,0.88,0.38,4.25,Craque
101669,A. Dzyuba,FWD,right,19880822,643,91,196,643,14358,Russia,7,3,0,0.80,0.43,4.23,Craque
20751,J. Cuadrado,MID,right,19880526,170,71,179,170,12430,Colombia,6,2,1,0.83,0.33,4.16,Craque
14836,T. Inui,MID,right,19880602,392,63,169,392,12913,Japan,8,2,1,0.85,0.25,4.10,Craque
3476,I. Rakitić,MID,right,19880310,756,78,184,191,9598,Croatia,13,3,0,0.81,0.23,4.05,Craque
21174,E. Cavani,FWD,right,19870214,858,71,184,380,15670,Uruguay,14,3,0,0.83,0.21,4.04,Craque
37824,T. Meunier,DEF,right,19910912,56,82,190,56,5629,Belgium,6,1,2,0.80,0.17,3.97,Bom
40810,Neymar,FWD,right,19920205,76,68,175,76,6380,Brazil,24,2,1,0.84,0.08,3.92,Bom
7972,L. Suárez,FWD,right,19870124,858,86,182,858,15670,Uruguay,9,2,1,0.70,0.22,3.92,Bom
91019,J. Quintero,MID,left,19930118,170,64,169,170,12430,Colombia,6,1,2,0.75,0.17,3.92,Bom
38021,K. De Bruyne,MID,right,19910628,56,68,181,56,5629,Belgium,9,1,2,0.80,0.11,3.91,Bom
21275,A. Granqvist,DEF,right,19850416,752,84,192,752,7047,Sweden,2,2,0,0.84,1.00,3.84,Bom
86220,G. Mercado,DEF,right,19870318,32,83,180,724,12274,Argentina,1,1,1,0.83,1.00,3.83,Bom
41123,Mário Fernandes,DEF,right,19900919,76,80,187,643,14358,Russia,1,1,1,0.82,1.00,3.82,Bom
8945,K. Trippier,DEF,right,19900919,0,72,178,0,2413,England,0,2,1,0.82,0.00,3.82,Bom
101583,S. Ignashevich,DEF,right,19790714,643,84,187,643,14358,Russia,3,2,0,0.84,0.67,3.51,Bom
9380,J. Stones,DEF,right,19940528,0,75,188,0,2413,England,4,2,0,0.96,0.50,3.46,Bom
101592,K. Honda,MID,left,19860613,392,76,182,392,12913,Japan,3,1,1,0.93,0.33,3.27,Bom
101606,A. Musa,FWD,right,19921014,566,66,171,566,16823,Nigeria,4,2,0,0.70,0.50,3.20,Bom
120353,Mohamed Salah,FWD,left,19920615,818,72,175,818,16129,Egypt,5,2,0,0.75,0.40,3.15,Bom
261,N. Chadli,MID,right,19890802,56,80,187,504,5629,Belgium,3,1,1,0.78,0.33,3.12,Bom
3353,Iniesta,MID,right,19840511,724,68,171,724,1598,Spain,5,1,1,0.88,0.20,3.08,Bom
14911,Son Heung-Min,FWD,right,19920708,410,77,183,410,14855,Korea Republic,12,2,0,0.90,0.17,3.07,Bom
123,O. Toivonen,FWD,right,19860703,752,78,192,752,7047,Sweden,3,1,1,0.72,0.33,3.05,Bom
3450,R. Falcao,FWD,right,19860210,170,72,177,170,12430,Colombia,8,2,0,0.80,0.25,3.05,Bom
69411,A. Kramarić,FWD,right,19910619,191,73,177,191,9598,Croatia,11,2,0,0.84,0.18,3.02,Bom
8653,H. Maguire,DEF,right,19930305,0,79,188,0,2413,England,10,1,1,0.91,0.10,3.01,Bom
7934,J. Lingard,MID,right,19921215,0,65,174,0,2413,England,15,1,1,0.93,0.07,3.00,Bom
112679,F. Baloy,DEF,right,19810224,591,90,184,484,17929,Panama,1,1,0,1.00,1.00,3.00,Bom
7941,J. Hernández,FWD,right,19880601,484,73,175,484,15473,Mexico,6,1,1,0.83,0.17,2.99,Bom
122,D. Mertens,FWD,right,19870506,56,61,169,56,5629,Belgium,6,1,1,0.82,0.17,2.98,Bom
240032,J. Bednarek,DEF,right,19960412,616,77,189,616,13869,Poland,1,1,0,0.93,1.00,2.93,Bom
8625,V. Moses,MID,right,19901212,566,75,177,0,16823,Nigeria,6,1,1,0.77,0.17,2.93,Bom
3359,L. Messi,FWD,left,19870624,32,72,170,724,12274,Argentina,12,1,1,0.83,0.08,2.91,Bom
295156,H. Lozano,FWD,right,19950730,484,70,177,484,15473,Mexico,12,1,1,0.83,0.08,2.91,Bom
49872,X. Shaqiri,MID,left,19911010,0,72,169,756,6697,Switzerland,12,1,1,0.83,0.08,2.91,Bom
25397,S. Umtiti,DEF,left,19931114,120,75,182,250,4418,France,1,1,0,0.90,1.00,2.90,Bom
227894,J. Giménez,DEF,right,19950120,858,77,185,724,15670,Uruguay,1,1,0,0.90,1.00,2.90,Bom
3304,Nacho,DEF,right,19900118,724,76,180,724,1598,Spain,1,1,0,0.90,1.00,2.90,Bom
125575,K. Waston,DEF,right,19880101,188,97,196,188,16871,Costa Rica,1,1,0,0.90,1.00,2.90,Bom
55979,M. Jørgensen,DEF,right,19900423,208,79,191,208,7712,Denmark,1,1,0,0.90,1.00,2.90,Bom
122847,Salman Al Faraj,MID,left,19890801,682,63,179,682,16521,Saudi Arabia,1,1,0,0.87,1.00,2.87,Bom
70096,J. Rodríguez,MID,left,19910712,170,75,180,170,12430,Colombia,2,0,2,0.83,0.00,2.83,Bom
95200,Young-Gwon Kim,DEF,left,19900227,410,74,184,410,14855,Korea Republic,1,1,0,0.83,1.00,2.83,Bom
25898,M. Niang,FWD,right,19941219,250,75,184,686,19314,Senegal,8,1,1,0.70,0.13,2.83,Bom
263802,Y. Tielemans,MID,right,19970507,56,72,176,180,5629,Belgium,5,0,2,0.83,0.00,2.83,Bom
3305,Pepe,DEF,right,19830226,76,81,188,620,9905,Portugal,1,1,0,0.80,1.00,2.80,Bom
8306,A. Kolarov,DEF,left,19851110,688,83,187,688,17322,Serbia,1,1,0,0.80,1.00,2.80,Bom
86340,C. Sánchez,MID,right,19841202,858,66,170,32,15670,Uruguay,3,0,2,0.77,0.00,2.77,Bom
26518,C. Sánchez,MID,right,19860206,170,80,182,170,12430,Colombia,3,0,2,0.77,0.00,2.77,Bom
101590,A. Dzagoev,MID,right,19900617,643,75,179,643,14358,Russia,0,1,1,0.75,0.00,2.75,Bom
295747,D. Bronn,DEF,right,19950619,250,76,185,788,16276,Tunisia,1,1,0,0.70,1.00,2.70,Bom
447821,Y. En-Nesyri,FWD,left,19970601,504,73,189,504,16216,Morocco,1,1,0,0.70,1.00,2.70,Bom
20764,L. Muriel,FWD,right,19910416,170,79,178,170,12430,Colombia,1,1,0,0.65,1.00,2.65,Bom
375348,M. Wagué,DEF,right,19981004,686,70,177,686,19314,Senegal,1,1,0,0.53,1.00,2.53,Bom
48,J. Vertonghen,DEF,left,19870424,56,88,189,56,5629,Belgium,2,1,0,0.90,0.50,2.40,Bom
14816,S. Kagawa,MID,right,19890317,392,68,175,392,12913,Japan,2,1,0,0.90,0.50,2.40,Bom
220971,D. Kuzyaev,MID,right,19930115,643,74,182,762,14358,Russia,2,1,0,0.90,0.50,2.40,Bom
56274,Y. Poulsen,FWD,right,19940615,208,78,193,834,7712,Denmark,2,1,0,0.80,0.50,2.30,Bom
102157,Y. Gazinskiy,MID,right,19890720,643,75,184,643,14358,Russia,2,1,0,0.80,0.50,2.30,Bom
101707,F. Smolov,FWD,right,19900209,643,80,187,643,14358,Russia,2,1,0,0.80,0.50,2.30,Bom
3306,Sergio Ramos,DEF,right,19860330,724,82,184,724,1598,Spain,3,1,0,0.95,0.33,2.28,Bom
29625,K. Boutaïb,FWD,right,19870424,250,82,189,504,16216,Morocco,3,1,0,0.90,0.33,2.23,Bom
14785,Renato Augusto,MID,right,19880208,76,86,186,76,6380,Brazil,3,1,0,0.90,0.33,2.23,Bom
25747,S. Mané,FWD,right,19920410,686,75,175,686,19314,Senegal,2,1,0,0.73,0.50,2.23,Bom
3309,R. Varane,DEF,right,19930425,250,81,191,474,4418,France,3,1,0,0.88,0.33,2.22,Bom
94650,G. Haraguchi,MID,right,19910509,392,68,177,392,12913,Japan,3,1,0,0.87,0.33,2.20,Bom
51217,L. Augustinsson,DEF,left,19940421,752,75,181,752,7047,Sweden,2,1,0,0.68,0.50,2.18,Bom
49876,G. Xhaka,MID,left,19920927,756,82,185,8,6697,Switzerland,4,1,0,0.93,0.25,2.18,Bom
20394,Thiago Silva,DEF,right,19840922,76,79,183,76,6380,Brazil,4,1,0,0.92,0.25,2.17,Bom
69968,M. Brozović,MID,right,19921116,191,68,181,191,9598,Croatia,4,1,0,0.92,0.25,2.17,Bom
340646,B. Pavard,DEF,right,19960328,250,76,186,250,4418,France,3,1,0,0.82,0.33,2.15,Bom
397178,M. Rashford,FWD,right,19971031,0,72,187,0,2413,England,4,1,0,0.90,0.25,2.15,Bom
120853,F. Sassi,MID,right,19920318,788,75,177,788,16276,Tunisia,4,1,0,0.90,0.25,2.15,Bom
3341,Piqué,DEF,right,19870202,724,85,194,724,1598,Spain,7,1,0,0.98,0.14,2.12,Bom
3840,Iago Aspas,FWD,left,19870801,724,67,176,724,1598,Spain,4,1,0,0.87,0.25,2.12,Bom
40550,Paulinho,MID,right,19880725,76,71,182,76,6380,Brazil,5,1,0,0.90,0.20,2.10,Bom
8249,M. Fellaini,MID,right,19871122,56,85,194,504,5629,Belgium,5,1,0,0.88,0.20,2.08,Bom
79149,K. Ansarifard,FWD,right,19900403,364,75,186,364,10840,Iran,2,1,0,0.57,0.50,2.07,Bom
122832,Salem Al Dawsari,MID,right,19910819,682,72,171,682,16521,Saudi Arabia,7,1,0,0.90,0.14,2.04,Bom
7936,P. Pogba,MID,right,19930315,250,84,191,324,4418,France,5,1,0,0.84,0.20,2.04,Bom
15024,M. Reus,FWD,right,19890531,276,71,180,276,3148,Germany,5,1,0,0.83,0.20,2.03,Bom
3314,Á. di María,MID,left,19880214,32,75,180,380,12274,Argentina,3,1,0,0.70,0.33,2.03,Bom
13484,D. Alli,MID,right,19960411,0,80,188,566,2413,England,4,1,0,0.78,0.25,2.03,Bom
21169,B. Džemaili,MID,right,19860412,807,73,179,756,6697,Switzerland,8,1,0,0.90,0.13,2.03,Bom
3563,Isco,MID,right,19920421,724,79,176,724,1598,Spain,8,1,0,0.90,0.13,2.03,Bom
49997,S. Zuber,MID,right,19910817,756,79,182,756,6697,Switzerland,4,1,0,0.77,0.25,2.02,Bom
14723,T. Kroos,MID,right,19900104,276,76,183,276,3148,Germany,13,1,0,0.93,0.08,2.01,Bom
77558,G. Sigurðsson,MID,right,19890908,352,77,186,352,7839,Iceland,5,1,0,0.80,0.20,2.00,Bom
50023,J. Drmic,FWD,right,19920808,756,81,183,191,6697,Switzerland,4,1,0,0.75,0.25,2.00,Bom
56025,M. Krohn-Dehli,MID,right,19830606,208,68,170,208,7712,Denmark,0,1,0,1.00,0.00,2.00,Bom
37948,A. Finnbogason,FWD,right,19890201,352,80,184,352,7839,Iceland,5,1,0,0.80,0.20,2.00,Bom
38093,M. Batshuayi,FWD,right,19931002,56,78,185,180,5629,Belgium,7,1,0,0.85,0.14,1.99,Mediano
3685,C. Vela,FWD,left,19890301,484,77,177,724,15473,Mexico,8,1,0,0.83,0.13,1.95,Mediano
261127,A. Januzaj,MID,left,19950205,56,75,182,0,5629,Belgium,4,1,0,0.70,0.25,1.95,Mediano
15808,Roberto Firmino,FWD,right,19911002,76,76,181,76,6380,Brazil,7,1,0,0.80,0.14,1.94,Mediano
69404,M. Kovačić,MID,right,19940506,40,77,178,191,9598,Croatia,4,0,1,0.92,0.00,1.92,Mediano
94831,Y. Ōsako,FWD,right,19900518,392,71,182,392,12913,Japan,7,1,0,0.78,0.14,1.92,Mediano
36,T. Alderweireld,DEF,right,19890302,56,91,187,56,5629,Belgium,5,0,1,0.92,0.00,1.92,Mediano
51132,E. Forsberg,MID,right,19911023,752,78,179,752,7047,Sweden,12,1,0,0.82,0.08,1.90,Mediano
105334,Douglas Costa,MID,left,19900914,76,65,170,620,6380,Brazil,4,0,1,0.90,0.00,1.90,Mediano
139393,Abdullah Otayf,MID,right,19920803,682,66,177,682,16521,Saudi Arabia,2,0,1,0.90,0.00,1.90,Mediano
360992,D. Zakaria,MID,right,19961120,756,80,191,180,6697,Switzerland,0,0,1,0.90,0.00,1.90,Mediano
3280,É. Banega,MID,right,19880629,32,71,174,724,12274,Argentina,3,0,1,0.90,0.00,1.90,Mediano
120717,O. Haddadi,DEF,left,19920128,788,79,184,788,16276,Tunisia,0,0,1,0.90,0.00,1.90,Mediano
3346,Sergio Busquets,MID,right,19880716,724,76,189,724,1598,Spain,4,0,1,0.90,0.00,1.90,Mediano
209354,F. Ben Youssef,FWD,right,19910623,788,82,192,788,16276,Tunisia,7,1,0,0.73,0.14,1.88,Mediano
20517,Y. Nagatomo,DEF,right,19860912,392,68,170,392,12913,Japan,0,0,1,0.88,0.00,1.88,Mediano
94828,G. Shibasaki,MID,right,19920525,392,62,175,392,12913,Japan,0,0,1,0.88,0.00,1.88,Mediano
55990,T. Delaney,MID,left,19910903,208,71,182,840,7712,Denmark,3,0,1,0.87,0.00,1.87,Mediano
4501,Daniel Carvajal,DEF,right,19920111,724,73,173,724,1598,Spain,2,0,1,0.87,0.00,1.87,Mediano
20433,S. Kjær,DEF,right,19890326,208,82,189,208,7712,Denmark,0,1,0,0.87,0.00,1.87,Mediano
11066,R. Sterling,FWD,right,19941208,388,69,170,0,2413,England,9,0,1,0.85,0.00,1.85,Mediano
28907,Raphaël Guerreiro,DEF,left,19931222,250,71,170,620,9905,Portugal,4,0,1,0.85,0.00,1.85,Mediano
25888,F. Fajr,MID,right,19880801,250,72,178,504,16216,Morocco,0,0,1,0.85,0.00,1.85,Mediano
361807,R. Bentancur,MID,right,19970625,858,73,185,858,15670,Uruguay,3,0,1,0.84,0.00,1.84,Mediano
54,C. Eriksen,MID,right,19920214,208,76,180,208,7712,Denmark,8,0,1,0.83,0.00,1.83,Mediano
32597,Ricardo Quaresma,FWD,right,19830926,620,67,175,620,9905,Portugal,5,1,0,0.63,0.20,1.83,Mediano
235555,R. Loftus-Cheek,MID,right,19960123,0,83,191,388,2413,England,3,0,1,0.83,0.00,1.83,Mediano
105333,Willian,MID,right,19880809,76,75,175,76,6380,Brazil,5,0,1,0.82,0.00,1.82,Mediano
7939,A. Young,DEF,right,19850709,0,65,175,388,2413,England,0,0,1,0.82,0.00,1.82,Mediano
69409,Š. Vrsaljko,DEF,right,19920110,191,76,181,191,9598,Croatia,5,0,1,0.82,0.00,1.82,Mediano
120167,Abdallah Said,MID,right,19850713,818,71,175,818,16129,Egypt,1,0,1,0.80,0.00,1.80,Mediano
293080,H. Nagguez,DEF,right,19921028,788,89,195,788,16276,Tunisia,0,0,1,0.80,0.00,1.80,Mediano
26038,J. Campbell,FWD,left,19920626,188,72,178,188,16871,Costa Rica,3,0,1,0.80,0.00,1.80,Mediano
70093,João Moutinho,MID,right,19860908,620,61,170,620,9905,Portugal,0,0,1,0.80,0.00,1.80,Mediano
103668,I. Kutepov,DEF,right,19930729,643,85,192,643,14358,Russia,0,0,1,0.78,0.00,1.78,Mediano
383,D. Tadić,MID,left,19881120,688,76,181,688,17322,Serbia,3,0,1,0.77,0.00,1.77,Mediano
340386,Gabriel Jesus,FWD,right,19970403,76,67,175,76,6380,Brazil,8,0,1,0.76,0.00,1.76,Mediano
51144,V. Claesson,MID,right,19920102,752,79,183,752,7047,Sweden,6,0,1,0.76,0.00,1.76,Mediano
128214,A. Mitrović,FWD,right,19940916,688,82,189,688,17322,Serbia,14,1,0,0.63,0.07,1.70,Mediano
26010,O. Giroud,FWD,left,19860930,250,88,192,250,4418,France,14,0,1,0.70,0.00,1.70,Mediano
33032,K. Grosicki,MID,right,19880608,616,78,180,616,13869,Poland,4,0,1,0.70,0.00,1.70,Mediano
209091,C. Tolisso,MID,right,19940803,250,78,181,764,4418,France,2,0,1,0.70,0.00,1.70,Mediano
225324,R. Kurzawa,MID,left,19930129,616,73,182,616,13869,Poland,2,0,1,0.70,0.00,1.70,Mediano
69616,A. Rebić,FWD,right,19930921,191,78,185,191,9598,Croatia,15,1,0,0.58,0.07,1.65,Mediano
209567,Se-Jong Ju,MID,right,19901030,410,68,174,410,14855,Korea Republic,0,0,1,0.65,0.00,1.65,Mediano
282772,B. Embolo,FWD,right,19970214,120,86,184,756,6697,Switzerland,3,0,1,0.53,0.00,1.53,Mediano
94764,Y. Muto,FWD,right,19920715,392,72,179,392,12913,Japan,1,0,0,1.00,0.00,1.00,Mediano
134383,N. Süle,DEF,right,19950903,276,97,195,276,3148,Germany,0,0,0,1.00,0.00,1.00,Mediano
256480,B. Keita,FWD,right,19950308,724,80,181,686,19314,Senegal,1,0,0,1.00,0.00,1.00,Mediano
50806,P. Jansson,DEF,right,19910213,752,89,196,752,7047,Sweden,1,0,0,1.00,0.00,1.00,Mediano
15125,M. Plattenhardt,DEF,left,19920126,276,76,181,276,3148,Germany,1,0,0,1.00,0.00,1.00,Mediano
7887,G. Cahill,DEF,right,19851219,0,86,193,0,2413,England,0,0,0,1.00,0.00,1.00,Mediano
94630,T. Makino,DEF,right,19870511,392,77,182,392,12913,Japan,1,0,0,1.00,0.00,1.00,Mediano
14748,A. Rüdiger,DEF,right,19930303,276,85,191,694,3148,Germany,0,0,0,1.00,0.00,1.00,Mediano
11095,M. Veljkovic,DEF,right,19950926,756,77,184,688,17322,Serbia,0,0,0,1.00,0.00,1.00,Mediano
3349,J. dos Santos,MID,right,19900426,484,68,172,724,15473,Mexico,0,0,0,1.00,0.00,1.00,Mediano
7954,S. Coates,DEF,right,19901007,858,92,196,724,15670,Uruguay,0,0,0,1.00,0.00,1.00,Mediano
51127,A. Skúlason,DEF,left,19870514,352,64,170,352,7839,Iceland,0,0,0,1.00,0.00,1.00,Mediano
231713,F. Bradarić,MID,right,19920111,191,77,185,191,9598,Croatia,0,0,0,1.00,0.00,1.00,Mediano
241134,I. Díaz,FWD,right,19970512,591,77,182,591,17929,Panama,0,0,0,1.00,0.00,1.00,Mediano
293128,A. Khalil,MID,right,19941221,788,80,187,788,16276,Tunisia,0,0,0,1.00,0.00,1.00,Mediano
332821,T. Ebuehi,DEF,right,19951216,528,72,187,566,16823,Nigeria,0,0,0,1.00,0.00,1.00,Mediano
1722,V. Fischer,FWD,right,19940609,208,71,180,208,7712,Denmark,1,0,0,1.00,0.00,1.00,Mediano
107623,Yo-Han Go,MID,right,19880310,410,65,170,410,14855,Korea Republic,0,0,0,1.00,0.00,1.00,Mediano
354041,M. Ben Amor,MID,right,19920503,788,75,184,788,16276,Tunisia,0,0,0,1.00,0.00,1.00,Mediano
15811,S. Rudy,MID,right,19900228,276,74,180,276,3148,Germany,1,0,0,1.00,0.00,1.00,Mediano
89571,R. Ruidíaz,FWD,right,19900725,604,65,167,191,15594,Peru,0,0,0,1.00,0.00,1.00,Mediano
3531,C. Zapata,DEF,right,19860930,170,82,187,170,12430,Colombia,0,0,0,1.00,0.00,1.00,Mediano
50411,A. Prijović,FWD,right,19900421,756,88,191,688,17322,Serbia,0,0,0,1.00,0.00,1.00,Mediano
40539,Marquinhos,DEF,right,19940514,76,75,183,620,6380,Brazil,0,0,0,1.00,0.00,1.00,Mediano
408827,B. Srarfi,MID,left,19970625,788,71,176,788,16276,Tunisia,0,0,0,1.00,0.00,1.00,Mediano
25770,F. Thauvin,FWD,left,19930126,250,70,179,250,4418,France,0,0,0,1.00,0.00,1.00,Mediano
373441,I. Smith,DEF,right,19980306,188,68,177,188,16871,Costa Rica,0,0,0,1.00,0.00,1.00,Mediano
285590,S. Amrabat,MID,right,19960821,528,70,182,504,16216,Morocco,0,0,0,1.00,0.00,1.00,Mediano
122671,Mohammad Al Sahlawi,FWD,right,19870110,682,75,179,682,16521,Saudi Arabia,2,0,0,1.00,0.00,1.00,Mediano
91156,M. Borja,FWD,right,19930126,170,82,183,170,12430,Colombia,0,0,0,1.00,0.00,1.00,Mediano
11270,S. Morsy,MID,right,19910910,0,76,175,818,16129,Egypt,0,0,0,1.00,0.00,1.00,Mediano
11152,M. Dembélé,MID,left,19870716,56,88,185,466,5629,Belgium,0,0,0,0.98,0.00,0.98,Mediano
70123,A. Witsel,MID,right,19890112,56,81,188,474,5629,Belgium,6,0,0,0.97,0.00,0.97,Mediano
8034,D. Boyata,DEF,right,19901128,56,84,188,180,5629,Belgium,0,0,0,0.97,0.00,0.97,Mediano
94814,G. Shōji,DEF,right,19921211,392,74,182,392,12913,Japan,1,0,0,0.97,0.00,0.97,Mediano
95490,Woo-Young Jung,MID,right,19891214,410,78,186,410,14855,Korea Republic,2,0,0,0.97,0.00,0.97,Mediano
32798,G. Svensson,MID,right,19870207,752,83,184,752,7047,Sweden,0,0,0,0.97,0.00,0.97,Mediano
105339,Fernandinho,MID,right,19850504,76,67,179,76,6380,Brazil,3,0,0,0.96,0.00,0.96,Mediano
122918,Hussain Al Mogahwi,MID,right,19880324,682,76,174,682,16521,Saudi Arabia,5,0,0,0.95,0.00,0.95,Mediano
3345,Thiago Alcântara,MID,right,19910411,724,70,174,76,1598,Spain,2,0,0,0.95,0.00,0.95,Mediano
135927,André Silva,FWD,right,19951106,620,70,182,620,9905,Portugal,1,0,0,0.95,0.00,0.95,Mediano
139078,P. Aquino,MID,left,19950413,604,72,175,604,15594,Peru,1,0,0,0.95,0.00,0.95,Mediano
15214,A. Rukavina,DEF,right,19840126,688,71,176,688,17322,Serbia,0,0,0,0.95,0.00,0.95,Mediano
122888,Yahya Al Shehri,MID,left,19900626,682,60,164,682,16521,Saudi Arabia,0,0,0,0.95,0.00,0.95,Mediano
8307,V. Kompany,DEF,right,19860410,56,85,193,180,5629,Belgium,4,0,0,0.94,0.00,0.94,Mediano
3431,João Miranda,DEF,right,19840907,76,76,186,76,6380,Brazil,1,0,0,0.94,0.00,0.94,Mediano
265366,W. Ndidi,MID,right,19961216,566,80,187,566,16823,Nigeria,3,0,0,0.93,0.00,0.93,Mediano
125286,G. González,DEF,right,19880208,188,77,186,188,16871,Costa Rica,2,0,0,0.93,0.00,0.93,Mediano
135103,A. Christensen,DEF,right,19960410,208,78,188,208,7712,Denmark,0,0,0,0.93,0.00,0.93,Mediano
59083,G. Gómez,MID,right,19840529,591,76,189,591,17929,Panama,1,0,0,0.93,0.00,0.93,Mediano
7860,T. Vermaelen,DEF,left,19851114,56,80,183,56,5629,Belgium,0,0,0,0.93,0.00,0.93,Mediano
95010,H. Yamaguchi,MID,right,19900610,392,72,173,392,12913,Japan,0,0,0,0.93,0.00,0.93,Mediano
86234,E. Pérez,MID,right,19860222,32,71,177,380,12274,Argentina,1,0,0,0.93,0.00,0.93,Mediano
142,K. El Ahmadi,MID,right,19850127,528,78,179,504,16216,Morocco,1,0,0,0.93,0.00,0.93,Mediano
424624,O. Etebo,FWD,right,19951109,566,70,176,566,16823,Nigeria,6,0,0,0.93,0.00,0.93,Mediano
120339,Mohamed Elneny,MID,right,19920711,818,70,180,818,16129,Egypt,3,0,0,0.93,0.00,0.93,Mediano
230020,A. Iwobi,MID,right,19960503,566,75,180,0,16823,Nigeria,4,0,0,0.93,0.00,0.93,Mediano
3443,Koke,MID,right,19920108,724,73,177,724,1598,Spain,1,0,0,0.93,0.00,0.93,Mediano
70086,N. Otamendi,DEF,right,19880212,32,81,183,32,12274,Argentina,4,0,0,0.93,0.00,0.93,Mediano
3355,J. Mascherano,DEF,right,19840608,32,73,174,380,12274,Argentina,1,0,0,0.93,0.00,0.93,Mediano
20938,V. Behrami,MID,right,19850419,0,78,185,756,6697,Switzerland,1,0,0,0.93,0.00,0.93,Mediano
3384,A. Guardado,MID,left,19860928,484,67,169,724,15473,Mexico,7,0,0,0.93,0.00,0.93,Mediano
8277,K. Walker,DEF,right,19900528,0,83,183,0,2413,England,0,0,0,0.92,0.00,0.92,Mediano
3433,D. Godín,DEF,right,19860216,858,79,187,724,15670,Uruguay,3,0,0,0.90,0.00,0.90,Mediano
703,M. Yoshida,DEF,right,19880824,392,78,189,392,12913,Japan,2,0,0,0.90,0.00,0.90,Mediano
61962,Sung-Yeung Ki,MID,right,19890124,410,75,186,410,14855,Korea Republic,3,0,0,0.90,0.00,0.90,Mediano
14817,R. Lewandowski,FWD,right,19880821,616,79,185,616,13869,Poland,7,0,0,0.90,0.00,0.90,Mediano
14795,M. Hummels,DEF,right,19881216,276,92,191,276,3148,Germany,6,0,0,0.90,0.00,0.90,Mediano
297957,M. Akanji,DEF,right,19950719,756,85,187,566,6697,Switzerland,2,0,0,0.90,0.00,0.90,Mediano
26226,R. Saïss,MID,left,19900326,250,76,190,504,16216,Morocco,1,0,0,0.90,0.00,0.90,Mediano
255387,C. Salcedo,DEF,right,19930929,484,77,188,484,15473,Mexico,3,0,0,0.90,0.00,0.90,Mediano
120900,R. Bedoui,DEF,right,19900119,788,81,190,788,16276,Tunisia,1,0,0,0.90,0.00,0.90,Mediano
28094,A. Badri,FWD,right,19900918,250,70,177,788,16276,Tunisia,2,0,0,0.90,0.00,0.90,Mediano
122839,Osama Hawsawi,DEF,right,19840331,784,83,188,682,16521,Saudi Arabia,0,0,0,0.90,0.00,0.90,Mediano
25437,B. Matuidi,MID,left,19870409,250,70,175,24,4418,France,5,0,0,0.90,0.00,0.90,Mediano
5295,O. Ighalo,FWD,right,19890616,566,82,181,380,16823,Nigeria,4,0,0,0.90,0.00,0.90,Mediano
14862,J. Draxler,MID,right,19930920,276,72,187,276,3148,Germany,6,0,0,0.90,0.00,0.90,Mediano
14808,İ. Gündoğan,MID,right,19901024,276,80,180,276,3148,Germany,1,0,0,0.90,0.00,0.90,Mediano
91502,A. Uribe,MID,right,19910321,170,71,182,170,12430,Colombia,2,0,0,0.90,0.00,0.90,Mediano
198120,Ali Gabr,DEF,right,19890110,818,84,193,818,16129,Egypt,1,0,0,0.90,0.00,0.90,Mediano
127530,D. Tošić,DEF,left,19850119,688,85,185,688,17322,Serbia,0,0,0,0.90,0.00,0.90,Mediano
25622,T. Hazard,FWD,right,19930329,56,69,174,56,5629,Belgium,3,0,0,0.90,0.00,0.90,Mediano
138633,Hyun-Soo Jang,DEF,right,19910928,410,77,187,410,14855,Korea Republic,0,0,0,0.90,0.00,0.90,Mediano
114709,L. Advíncula,DEF,right,19900302,604,80,178,604,15594,Peru,3,0,0,0.90,0.00,0.90,Mediano
8464,F. Delph,MID,left,19891121,0,60,174,328,2413,England,3,0,0,0.90,0.00,0.90,Mediano
99661,T. Cionek,DEF,right,19860421,76,80,183,616,13869,Poland,0,0,0,0.90,0.00,0.90,Mediano
91002,O. Murillo,DEF,left,19880418,170,82,184,170,12430,Colombia,1,0,0,0.90,0.00,0.90,Mediano
230626,D. Ćaleta-Car,DEF,right,19960917,191,89,192,191,9598,Croatia,0,0,0,0.90,0.00,0.90,Mediano
231138,P. Kimpembe,DEF,left,19950813,250,67,183,180,4418,France,0,0,0,0.90,0.00,0.90,Mediano
37725,C. Kouyaté,MID,right,19891221,686,78,193,56,19314,Senegal,0,0,0,0.90,0.00,0.90,Mediano
246946,E. Skhiri,MID,right,19950510,250,69,185,788,16276,Tunisia,0,0,0,0.90,0.00,0.90,Mediano
7918,P. Jones,DEF,right,19920221,0,71,185,0,2413,England,0,0,0,0.90,0.00,0.90,Mediano
18669,J. Hector,DEF,left,19900527,276,75,185,276,3148,Germany,2,0,0,0.90,0.00,0.90,Mediano
14716,J. Boateng,DEF,right,19880903,276,90,192,276,3148,Germany,3,0,0,0.90,0.00,0.90,Mediano
149074,N. Dirar,MID,right,19860225,504,79,187,56,16216,Morocco,1,0,0,0.90,0.00,0.90,Mediano
11093,W. Troost-Ekong,DEF,right,19930901,528,82,191,566,16823,Nigeria,2,0,0,0.90,0.00,0.90,Mediano
146583,J. Brandt,MID,right,19960502,276,82,183,276,3148,Germany,4,0,0,0.90,0.00,0.90,Mediano
7850,J. Djourou,DEF,right,19870118,384,87,191,756,6697,Switzerland,0,0,0,0.90,0.00,0.90,Mediano
125284,J. Acosta,DEF,right,19830721,188,77,178,188,16871,Costa Rica,0,0,0,0.90,0.00,0.90,Mediano
107424,Young-Sun Yun,DEF,right,19881004,410,78,185,410,14855,Korea Republic,0,0,0,0.90,0.00,0.90,Mediano
134387,L. Goretzka,MID,right,19950206,276,79,189,276,3148,Germany,1,0,0,0.90,0.00,0.90,Mediano
14749,G. Sakai,DEF,right,19910314,840,74,176,392,12913,Japan,1,0,0,0.90,0.00,0.90,Mediano
21097,K. Glik,DEF,right,19880203,616,80,190,276,13869,Poland,1,0,0,0.90,0.00,0.90,Mediano
28922,T. Lemar,MID,left,19951112,312,58,170,250,4418,France,1,0,0,0.90,0.00,0.90,Mediano
70122,N. Matić,MID,left,19880801,688,84,194,703,17322,Serbia,3,0,0,0.90,0.00,0.90,Mediano
37732,L. Biglia,MID,right,19860130,32,74,178,380,12274,Argentina,2,0,0,0.90,0.00,0.90,Mediano
116166,G. Varela,DEF,right,19930324,858,70,174,724,15670,Uruguay,0,0,0,0.90,0.00,0.90,Mediano
265368,A. Shehu,DEF,right,19930312,566,72,181,566,16823,Nigeria,0,0,0,0.90,0.00,0.90,Mediano
285538,M. Hosseini,DEF,right,19960620,364,76,183,364,10840,Iran,0,0,0,0.90,0.00,0.90,Mediano
70083,Danilo,DEF,right,19910715,76,78,184,76,6380,Brazil,0,0,0,0.90,0.00,0.90,Mediano
139391,Motaz Hawsawi,DEF,right,19920217,682,79,180,682,16521,Saudi Arabia,0,0,0,0.90,0.00,0.90,Mediano
272829,R. Cheshmi,DEF,right,19930724,364,83,192,364,10840,Iran,1,0,0,0.90,0.00,0.90,Mediano
3319,M. Özil,MID,left,19881015,276,76,180,276,3148,Germany,2,0,0,0.90,0.00,0.90,Mediano
115353,A. Santamaría,DEF,right,19920110,604,76,183,604,15594,Peru,0,0,0,0.90,0.00,0.90,Mediano
134702,L. Dendoncker,MID,right,19950415,56,76,188,56,5629,Belgium,0,0,0,0.90,0.00,0.90,Mediano
227059,Gelson Martins,FWD,right,19950511,132,65,173,620,9905,Portugal,0,0,0,0.90,0.00,0.90,Mediano
275243,S. Khaoui,MID,left,19950427,250,68,182,788,16276,Tunisia,1,0,0,0.90,0.00,0.90,Mediano
86411,A. Cooper,MID,right,19871126,591,72,173,591,17929,Panama,1,0,0,0.90,0.00,0.90,Mediano
26022,L. Gassama,DEF,right,19891020,250,74,181,686,19314,Senegal,0,0,0,0.90,0.00,0.90,Mediano
15282,S. Peszko,MID,right,19850219,616,69,173,616,13869,Poland,0,0,0,0.90,0.00,0.90,Mediano
86414,A. Godoy,MID,left,19900210,591,75,182,591,17929,Panama,2,0,0,0.90,0.00,0.90,Mediano
127537,L. Milivojević,MID,right,19910407,688,80,186,688,17322,Serbia,0,0,0,0.90,0.00,0.90,Mediano
21314,E. Hallfreðsson,MID,left,19840629,352,83,185,352,7839,Iceland,1,0,0,0.90,0.00,0.90,Mediano
3269,Jordi Alba,DEF,left,19890321,724,68,170,724,1598,Spain,2,0,0,0.90,0.00,0.90,Mediano
78991,O. Ebrahimi,MID,right,19870916,364,72,177,364,10840,Iran,0,0,0,0.90,0.00,0.90,Mediano
8317,David Silva,MID,left,19860108,724,67,173,724,1598,Spain,7,0,0,0.90,0.00,0.90,Mediano
122577,Taisir Al Jassim,MID,right,19840725,682,69,169,682,16521,Saudi Arabia,0,0,0,0.90,0.00,0.90,Mediano
114723,Y. Yotún,MID,left,19900407,604,68,173,604,15594,Peru,2,0,0,0.90,0.00,0.90,Mediano
112253,M. Fabián,MID,right,19890721,484,65,170,484,15473,Mexico,1,0,0,0.90,0.00,0.90,Mediano
346101,T. Alexander-Arnold,DEF,right,19981007,0,69,175,0,2413,England,0,0,0,0.90,0.00,0.90,Mediano
31528,N. Kanté,MID,right,19910329,250,68,168,466,4418,France,1,0,0,0.90,0.00,0.90,Mediano
40756,Casemiro,MID,right,19920223,76,84,185,76,6380,Brazil,4,0,0,0.88,0.00,0.88,Mediano
14771,V. Ćorluka,DEF,right,19860205,70,84,192,191,9598,Croatia,0,0,0,0.88,0.00,0.88,Mediano
37762,William Carvalho,MID,right,19920407,24,83,187,620,9905,Portugal,1,0,0,0.88,0.00,0.88,Mediano
101647,F. Kudryashov,DEF,left,19870405,643,81,181,643,14358,Russia,0,0,0,0.88,0.00,0.88,Mediano
112459,H. Herrera,MID,right,19900419,484,74,180,484,15473,Mexico,4,0,0,0.88,0.00,0.88,Mediano
70965,João Mário,MID,right,19930119,620,67,173,24,9905,Portugal,1,0,0,0.88,0.00,0.88,Mediano
336178,J. Gallardo,MID,left,19940815,484,76,176,484,15473,Mexico,1,0,0,0.88,0.00,0.88,Mediano
14929,M. Hasebe,MID,right,19840118,392,72,180,392,12913,Japan,1,0,0,0.88,0.00,0.88,Mediano
424241,N. Milenković,DEF,right,19971012,688,91,195,688,17322,Serbia,0,0,0,0.87,0.00,0.87,Mediano
51004,C. Borges,MID,right,19880827,188,76,182,76,16871,Costa Rica,5,0,0,0.87,0.00,0.87,Mediano
3795,H. Moreno,DEF,left,19880117,484,80,183,484,15473,Mexico,1,0,0,0.87,0.00,0.87,Mediano
122940,Yasir Al Shahrani,DEF,right,19920525,682,63,170,682,16521,Saudi Arabia,5,0,0,0.87,0.00,0.87,Mediano
3323,G. Higuaín,FWD,right,19871210,250,82,184,32,12274,Argentina,3,0,0,0.87,0.00,0.87,Mediano
331763,Y. Meriah,DEF,right,19930702,788,74,188,788,16276,Tunisia,0,0,0,0.87,0.00,0.87,Mediano
26115,S. Sané,DEF,right,19900825,250,85,196,686,19314,Senegal,1,0,0,0.87,0.00,0.87,Mediano
120156,Ahmed Fathy,DEF,right,19841110,818,73,175,818,16129,Egypt,1,0,0,0.87,0.00,0.87,Mediano
55968,M. Braithwaite,FWD,right,19910605,208,77,177,328,7712,Denmark,3,0,0,0.87,0.00,0.87,Mediano
25726,K. Koulibaly,DEF,right,19910620,250,89,195,686,19314,Senegal,0,0,0,0.87,0.00,0.87,Mediano
25706,I. Gueye,MID,right,19890926,686,72,174,686,19314,Senegal,2,0,0,0.87,0.00,0.87,Mediano
50102,F. Schär,DEF,right,19911220,756,84,188,756,6697,Switzerland,1,0,0,0.87,0.00,0.87,Mediano
7898,J. Obi Mikel,MID,right,19870422,566,83,188,566,16823,Nigeria,0,0,0,0.87,0.00,0.87,Mediano
54495,B. Sigurðarson,FWD,right,19910226,352,81,186,352,7839,Iceland,0,0,0,0.87,0.00,0.87,Mediano
37831,C. Bacca,FWD,right,19860908,170,77,181,170,12430,Colombia,2,0,0,0.87,0.00,0.87,Mediano
292954,Mohammed Al Burayk,DEF,right,19920915,682,61,173,682,16521,Saudi Arabia,1,0,0,0.87,0.00,0.87,Mediano
101846,M. Boussoufa,MID,right,19840815,528,61,168,504,16216,Morocco,1,0,0,0.87,0.00,0.87,Mediano
224593,J. Kimmich,DEF,right,19950208,276,70,176,276,3148,Germany,3,0,0,0.87,0.00,0.87,Mediano
299618,N. Nández,MID,right,19951228,858,69,171,380,15670,Uruguay,2,0,0,0.86,0.00,0.86,Mediano
116349,M. Vecino,MID,right,19910824,858,82,187,380,15670,Uruguay,3,0,0,0.86,0.00,0.86,Mediano
333571,L. Torreira,MID,right,19960211,858,64,168,724,15670,Uruguay,2,0,0,0.86,0.00,0.86,Mediano
134769,Y. Carrasco,FWD,right,19930904,56,71,180,724,5629,Belgium,6,0,0,0.85,0.00,0.85,Mediano
20579,M. Benatia,DEF,right,19870417,250,92,190,504,16216,Morocco,5,0,0,0.85,0.00,0.85,Mediano
57347,S. Ingason,DEF,right,19930805,352,75,188,352,7839,Iceland,3,0,0,0.85,0.00,0.85,Mediano
99391,M. Rybus,DEF,left,19890819,616,75,173,616,13869,Poland,1,0,0,0.85,0.00,0.85,Mediano
3318,S. Khedira,MID,right,19870404,276,85,189,788,3148,Germany,3,0,0,0.85,0.00,0.85,Mediano
62221,K. Árnason,DEF,right,19821013,752,87,190,352,7839,Iceland,0,0,0,0.85,0.00,0.85,Mediano
146459,M. Meza,MID,right,19921215,32,77,180,32,12274,Argentina,3,0,0,0.85,0.00,0.85,Mediano
14872,J. Farfán,FWD,right,19841026,604,84,178,604,15594,Peru,4,0,0,0.85,0.00,0.85,Mediano
405,L. Schöne,MID,right,19860527,208,78,177,208,7712,Denmark,4,0,0,0.85,0.00,0.85,Mediano
114617,C. Ramos,DEF,right,19881104,604,74,185,604,15594,Peru,1,0,0,0.85,0.00,0.85,Mediano
56026,J. Stryger Larsen,DEF,right,19910221,208,81,180,208,7712,Denmark,1,0,0,0.85,0.00,0.85,Mediano
125250,Ó. Duarte,DEF,right,19890603,558,81,186,188,16871,Costa Rica,2,0,0,0.85,0.00,0.85,Mediano
70156,A. Carrillo,MID,right,19910614,604,78,181,604,15594,Peru,2,0,0,0.85,0.00,0.85,Mediano
114762,É. Flores,MID,left,19940514,604,70,170,604,15594,Peru,4,0,0,0.85,0.00,0.85,Mediano
32793,A. N'Diaye,MID,right,19900306,250,82,187,686,19314,Senegal,0,0,0,0.85,0.00,0.85,Mediano
116364,E. Davis,DEF,left,19910331,591,78,179,591,17929,Panama,0,0,0,0.85,0.00,0.85,Mediano
448210,E. Álvarez,DEF,right,19971024,484,73,185,484,15473,Mexico,0,0,0,0.85,0.00,0.85,Mediano
3434,Filipe Luis,DEF,left,19850809,76,73,182,380,6380,Brazil,1,0,0,0.85,0.00,0.85,Mediano
100140,J. Góralski,MID,right,19920921,616,66,172,616,13869,Poland,1,0,0,0.85,0.00,0.85,Mediano
213364,G. De Arrascaeta,MID,right,19940601,858,70,172,380,15670,Uruguay,0,0,0,0.85,0.00,0.85,Mediano
86722,N. Tagliafico,DEF,left,19920831,32,65,169,380,12274,Argentina,2,0,0,0.85,0.00,0.85,Mediano
15781,Ja-Cheol Koo,MID,right,19890227,410,79,183,410,14855,Korea Republic,1,0,0,0.85,0.00,0.85,Mediano
114813,C. Cueva,MID,right,19911123,604,61,169,604,15594,Peru,1,0,0,0.85,0.00,0.85,Mediano
114864,L. Tejada,FWD,right,19820328,591,80,185,591,17929,Panama,0,0,0,0.85,0.00,0.85,Mediano
116997,G. Torres,FWD,right,19881031,591,78,179,591,17929,Panama,1,0,0,0.85,0.00,0.85,Mediano
552555,A. El Kaabi,FWD,left,19930625,504,79,182,504,16216,Morocco,1,0,0,0.85,0.00,0.85,Mediano
56146,R. Gíslason,FWD,right,19880225,352,80,184,352,7839,Iceland,1,0,0,0.85,0.00,0.85,Mediano
4498,Lucas Vázquez,FWD,right,19910701,724,70,173,724,1598,Spain,0,0,0,0.85,0.00,0.85,Mediano
40707,Fágner,DEF,right,19890611,76,67,168,76,6380,Brazil,0,0,0,0.85,0.00,0.85,Mediano
51064,E. Krafth,DEF,right,19940802,752,79,181,752,7047,Sweden,0,0,0,0.85,0.00,0.85,Mediano
25393,D. Lovren,DEF,right,19890705,191,84,188,191,9598,Croatia,3,0,0,0.84,0.00,0.84,Mediano
7964,J. Henderson,MID,right,19900617,0,67,182,0,2413,England,4,0,0,0.84,0.00,0.84,Mediano
28115,N. Fekir,MID,left,19930718,250,72,173,12,4418,France,3,0,0,0.84,0.00,0.84,Mediano
448079,I. Sarr,MID,right,19980225,686,68,178,686,19314,Senegal,3,0,0,0.83,0.00,0.83,Mediano
70129,Rodrigo,FWD,left,19910306,76,77,182,724,1598,Spain,4,0,0,0.83,0.00,0.83,Mediano
91263,R. Torres,DEF,right,19860320,591,96,187,591,17929,Panama,4,0,0,0.83,0.00,0.83,Mediano
246928,W. Barrios,MID,right,19931016,170,74,178,170,12430,Colombia,0,0,0,0.83,0.00,0.83,Mediano
79449,M. Pouraliganji,DEF,right,19920419,364,80,185,364,10840,Iran,0,0,0,0.83,0.00,0.83,Mediano
299121,Jae-Sung Lee,MID,left,19920810,410,70,180,410,14855,Korea Republic,5,0,0,0.83,0.00,0.83,Mediano
56394,H. Dalsgaard,DEF,right,19890727,208,79,192,208,7712,Denmark,0,0,0,0.83,0.00,0.83,Mediano
437417,Tarek Hamed,MID,right,19881024,818,74,179,818,16129,Egypt,1,0,0,0.83,0.00,0.83,Mediano
273683,F. Escobar,DEF,right,19950109,591,75,182,591,17929,Panama,0,0,0,0.83,0.00,0.83,Mediano
288091,Marco Asensio,MID,left,19960121,724,76,182,528,1598,Spain,2,0,0,0.83,0.00,0.83,Mediano
54451,B. Sævarsson,DEF,right,19841111,352,74,187,352,7839,Iceland,0,0,0,0.83,0.00,0.83,Mediano
99833,B. Bereszyński,DEF,right,19920712,616,77,183,616,13869,Poland,0,0,0,0.83,0.00,0.83,Mediano
11155,B. Ruiz,MID,left,19850818,188,82,188,188,16871,Costa Rica,1,0,0,0.83,0.00,0.83,Mediano
119932,Mahmoud Kahraba,MID,right,19940413,818,76,182,818,16129,Egypt,0,0,0,0.83,0.00,0.83,Mediano
396475,A. Hakimi,DEF,right,19981104,724,68,179,504,16216,Morocco,1,0,0,0.83,0.00,0.83,Mediano
119975,Mohamed Abdel-Shafi,DEF,left,19850701,818,75,179,818,16129,Egypt,0,0,0,0.83,0.00,0.83,Mediano
20941,A. Ljajić,FWD,right,19910929,688,74,182,688,17322,Serbia,1,0,0,0.83,0.00,0.83,Mediano
125260,D. Guzmán,MID,right,19900218,188,79,178,188,16871,Costa Rica,1,0,0,0.83,0.00,0.83,Mediano
70136,S. Arias,DEF,right,19920113,170,72,175,170,12430,Colombia,1,0,0,0.83,0.00,0.83,Mediano
8126,José Fonte,DEF,right,19831222,620,75,191,620,9905,Portugal,2,0,0,0.83,0.00,0.83,Mediano
265673,Bernardo Silva,MID,left,19940810,620,64,173,250,9905,Portugal,2,0,0,0.83,0.00,0.83,Mediano
257762,D. Sánchez,DEF,right,19960612,170,79,187,170,12430,Colombia,1,0,0,0.83,0.00,0.83,Mediano
255738,J. Lerma,MID,right,19941025,170,70,179,170,12430,Colombia,1,0,0,0.83,0.00,0.83,Mediano
94695,H. Sakai,DEF,right,19900412,392,70,183,392,12913,Japan,2,0,0,0.83,0.00,0.83,Mediano
112366,M. Layún,DEF,right,19880625,484,68,179,724,15473,Mexico,8,0,0,0.83,0.00,0.83,Mediano
20876,A. Ekdal,MID,right,19890728,752,75,186,752,7047,Sweden,3,0,0,0.82,0.00,0.82,Mediano
101699,A. Samedov,MID,right,19840719,643,75,177,643,14358,Russia,2,0,0,0.82,0.00,0.82,Mediano
16443,L. Balogun,DEF,right,19880628,276,81,190,566,16823,Nigeria,3,0,0,0.80,0.00,0.80,Mediano
119951,Ahmed Hegazy,DEF,right,19910125,818,83,193,818,16129,Egypt,0,0,0,0.80,0.00,0.80,Mediano
122615,Hattan Bahbir,MID,right,19920716,682,66,170,682,16521,Saudi Arabia,6,0,0,0.80,0.00,0.80,Mediano
241077,Y. Bárcenas,MID,right,19931023,591,75,175,591,17929,Panama,4,0,0,0.80,0.00,0.80,Mediano
220112,Trézéguet,MID,right,19941001,818,71,179,818,16129,Egypt,8,0,0,0.80,0.00,0.80,Mediano
401861,J. Rodriguez,MID,left,19980619,591,70,178,591,17929,Panama,3,0,0,0.80,0.00,0.80,Mediano
279545,L. Hernández,DEF,left,19960214,250,76,184,724,4418,France,2,0,0,0.80,0.00,0.80,Mediano
332605,Ramadan Sobhi,MID,right,19970123,818,72,183,818,16129,Egypt,0,0,0,0.80,0.00,0.80,Mediano
79320,M. Taremi,FWD,right,19920718,364,80,187,364,10840,Iran,3,0,0,0.80,0.00,0.80,Mediano
265865,S. Milinković-Savić,MID,right,19950227,724,80,192,688,17322,Serbia,5,0,0,0.80,0.00,0.80,Mediano
209792,B. Idowu,DEF,right,19920518,643,77,178,566,16823,Nigeria,0,0,0,0.80,0.00,0.80,Mediano
99902,P. Zieliński,MID,right,19940520,616,75,180,616,13869,Poland,3,0,0,0.80,0.00,0.80,Mediano
221039,H. Ziyech,MID,left,19930319,528,65,180,504,16216,Morocco,7,0,0,0.80,0.00,0.80,Mediano
14909,P. Guerrero,FWD,right,19840101,604,82,185,604,15594,Peru,3,0,0,0.80,0.00,0.80,Mediano
93,J. Guðmunds­son,MID,left,19901027,352,77,186,352,7839,Iceland,3,0,0,0.80,0.00,0.80,Mediano
241647,S. Ezatolahi,MID,right,19961001,364,78,190,364,10840,Iran,1,0,0,0.80,0.00,0.80,Mediano
372915,A. Harit,MID,right,19970618,250,67,179,504,16216,Morocco,3,0,0,0.80,0.00,0.80,Mediano
12,K. Omeruo,DEF,right,19931017,566,74,185,566,16823,Nigeria,0,0,0,0.80,0.00,0.80,Mediano
284147,Mohammed Kanno,MID,right,19940922,682,73,192,682,16521,Saudi Arabia,1,0,0,0.80,0.00,0.80,Mediano
32599,Manuel Fernandes,MID,right,19860205,620,75,176,132,9905,Portugal,2,0,0,0.80,0.00,0.80,Mediano
122651,Omar Hawsawi,DEF,right,19850927,682,76,185,682,16521,Saudi Arabia,0,0,0,0.80,0.00,0.80,Mediano
55982,B. Oviedo,DEF,left,19900218,188,65,172,188,16871,Costa Rica,2,0,0,0.80,0.00,0.80,Mediano
3445,E. Salvio,MID,right,19900713,32,77,173,32,12274,Argentina,1,0,0,0.80,0.00,0.80,Mediano
10014,S. Ben Youssef,DEF,right,19890331,250,82,186,788,16276,Tunisia,0,0,0,0.80,0.00,0.80,Mediano
99381,A. Jędrzejczyk,DEF,right,19871104,616,78,189,616,13869,Poland,0,0,0,0.80,0.00,0.80,Mediano
58105,J. Böðvarsson,FWD,right,19920525,352,85,190,352,7839,Iceland,0,0,0,0.80,0.00,0.80,Mediano
3463,F. Fazio,DEF,right,19870317,32,85,195,380,12274,Argentina,0,0,0,0.80,0.00,0.80,Mediano
59126,R. Wallace,MID,left,19880617,188,75,182,840,16871,Costa Rica,0,0,0,0.80,0.00,0.80,Mediano
101953,A. Erokhin,MID,right,19891013,643,79,195,643,14358,Russia,2,0,0,0.80,0.00,0.80,Mediano
354043,G. Chaalali,MID,right,19940228,788,72,179,788,16276,Tunisia,1,0,0,0.80,0.00,0.80,Mediano
50812,J. Durmaz,MID,left,19890322,752,69,180,792,7047,Sweden,0,0,0,0.80,0.00,0.80,Mediano
398219,Ali Al Bulayhi,DEF,left,19891121,682,83,182,682,16521,Saudi Arabia,0,0,0,0.80,0.00,0.80,Mediano
140085,A. Živković,MID,left,19960711,688,70,169,688,17322,Serbia,1,0,0,0.80,0.00,0.80,Mediano
8297,G. dos Santos,FWD,left,19890511,484,74,175,724,15473,Mexico,0,0,0,0.80,0.00,0.80,Mediano
27412,C. N'Doye,MID,right,19860329,686,90,192,686,19314,Senegal,1,0,0,0.80,0.00,0.80,Mediano
14804,J. Błaszczykowski,MID,right,19851214,616,77,176,616,13869,Poland,0,0,0,0.80,0.00,0.80,Mediano
7891,B. Ivanović,DEF,right,19840222,688,91,185,688,17322,Serbia,0,0,0,0.80,0.00,0.80,Mediano
101825,I. Smolnikov,DEF,right,19880808,643,70,178,643,14358,Russia,0,0,0,0.80,0.00,0.80,Mediano
26196,D. Sidibé,DEF,right,19920729,250,71,182,686,4418,France,0,0,0,0.80,0.00,0.80,Mediano
70381,Ricardo Pereira,DEF,right,19931006,620,70,175,132,9905,Portugal,0,0,0,0.80,0.00,0.80,Mediano
125512,F. Calvo,DEF,left,19920708,188,77,180,188,16871,Costa Rica,1,0,0,0.80,0.00,0.80,Mediano
8192,M. Olsson,DEF,left,19880517,752,81,178,752,7047,Sweden,0,0,0,0.80,0.00,0.80,Mediano
107548,Shin-Wook Kim,FWD,right,19880414,410,97,197,410,14855,Korea Republic,0,0,0,0.80,0.00,0.80,Mediano
70379,J. Urretavizcaya,MID,right,19900319,858,69,174,724,15670,Uruguay,0,0,0,0.80,0.00,0.80,Mediano
139075,R. Tapia,MID,right,19950728,604,78,182,604,15594,Peru,1,0,0,0.80,0.00,0.80,Mediano
26136,B. Mendy,DEF,left,19940717,250,85,185,686,4418,France,0,0,0,0.80,0.00,0.80,Mediano
212604,T. Jedvaj,DEF,right,19951128,191,81,184,191,9598,Croatia,0,0,0,0.80,0.00,0.80,Mediano
115146,M. Trauco,DEF,left,19920825,604,67,175,604,15594,Peru,0,0,0,0.80,0.00,0.80,Mediano
8292,D. Rose,DEF,left,19900702,0,76,174,388,2413,England,1,0,0,0.80,0.00,0.80,Mediano
14922,R. Rodríguez,DEF,left,19920825,756,77,180,152,6697,Switzerland,5,0,0,0.80,0.00,0.80,Mediano
8529,S. Larsson,MID,right,19850606,752,70,178,752,7047,Sweden,1,0,0,0.80,0.00,0.80,Mediano
55977,C. Gamboa,DEF,right,19891024,188,67,175,188,16871,Costa Rica,3,0,0,0.80,0.00,0.80,Mediano
25998,Y. Belhanda,MID,right,19900225,250,74,175,504,16216,Morocco,6,0,0,0.80,0.00,0.80,Mediano
77521,A. Gunnarsson,MID,right,19890422,352,70,177,352,7839,Iceland,2,0,0,0.80,0.00,0.80,Mediano
14763,S. Okazaki,FWD,right,19860416,392,70,174,392,12913,Japan,1,0,0,0.80,0.00,0.80,Mediano
14732,T. Müller,FWD,right,19890913,276,75,186,276,3148,Germany,3,0,0,0.80,0.00,0.80,Mediano
79248,E. Hajsafi,DEF,left,19900225,364,74,176,364,10840,Iran,1,0,0,0.80,0.00,0.80,Mediano
14908,M. Berg,FWD,right,19860817,752,85,184,752,7047,Sweden,15,0,0,0.78,0.00,0.78,Mediano
69964,J. Pivarić,DEF,left,19890130,191,69,176,191,9598,Croatia,1,0,0,0.78,0.00,0.78,Mediano
71703,V. Lindelöf,DEF,right,19940717,752,81,187,752,7047,Sweden,0,0,0,0.78,0.00,0.78,Mediano
286390,O. Dembélé,FWD,both,19970515,250,67,178,478,4418,France,3,0,0,0.77,0.00,0.77,Mediano
55983,R. Sigurðsson,DEF,right,19860619,352,77,187,352,7839,Iceland,0,0,0,0.77,0.00,0.77,Mediano
38084,B. Bjarnason,MID,right,19880527,352,75,178,352,7839,Iceland,7,0,0,0.77,0.00,0.77,Mediano
101620,M. da Costa,DEF,right,19860506,250,82,191,504,16216,Morocco,2,0,0,0.77,0.00,0.77,Mediano
70389,Cédric Soares,DEF,right,19910831,276,67,172,620,9905,Portugal,0,0,0,0.77,0.00,0.77,Mediano
32968,N. Amrabat,FWD,right,19870331,528,77,178,504,16216,Morocco,1,0,0,0.77,0.00,0.77,Mediano
105361,I. Strinić,DEF,left,19870717,191,78,186,191,9598,Croatia,0,0,0,0.77,0.00,0.77,Mediano
15199,M. Gavranović,FWD,right,19891124,756,73,175,191,6697,Switzerland,3,0,0,0.75,0.00,0.75,Mediano
3310,Marcelo,DEF,left,19880512,76,80,174,724,6380,Brazil,4,0,0,0.75,0.00,0.75,Mediano
14798,Ł. Piszczek,DEF,right,19850603,616,79,184,616,13869,Poland,1,0,0,0.75,0.00,0.75,Mediano
403546,Lee Seung-Woo,FWD,right,19980106,410,63,173,410,14855,Korea Republic,1,0,0,0.75,0.00,0.75,Mediano
395636,Maxi Gómez,FWD,right,19960814,858,87,186,858,15670,Uruguay,0,0,0,0.75,0.00,0.75,Mediano
113517,B. Pérez,FWD,right,19810313,591,85,187,591,17929,Panama,1,0,0,0.75,0.00,0.75,Mediano
125452,J. Venegas,MID,right,19881127,188,77,183,188,16871,Costa Rica,0,0,0,0.75,0.00,0.75,Mediano
51625,Seon-Min Moon,MID,right,19920609,410,68,172,410,14855,Korea Republic,2,0,0,0.75,0.00,0.75,Mediano
361498,M. Murillo,DEF,right,19960211,591,75,183,591,17929,Panama,1,0,0,0.75,0.00,0.75,Mediano
125273,D. Colindres,FWD,right,19850110,188,76,180,188,16871,Costa Rica,3,0,0,0.75,0.00,0.75,Mediano
112522,J. Corona,FWD,right,19930106,484,62,173,484,15473,Mexico,0,0,0,0.75,0.00,0.75,Mediano
20460,M. Cáceres,DEF,right,19870407,858,78,180,858,15670,Uruguay,6,0,0,0.74,0.00,0.74,Mediano
237836,V. Amiri,MID,left,19880402,364,75,179,364,10840,Iran,2,0,0,0.73,0.00,0.73,Mediano
173214,T. Werner,FWD,right,19960306,276,75,180,276,3148,Germany,7,0,0,0.73,0.00,0.73,Mediano
349687,Hwang Hee-Chan,FWD,right,19960126,410,70,177,410,14855,Korea Republic,2,0,0,0.73,0.00,0.73,Mediano
28529,Y. Sabaly,DEF,right,19930305,250,67,173,686,19314,Senegal,2,0,0,0.73,0.00,0.73,Mediano
285508,K. Iheanacho,FWD,left,19960310,566,77,187,566,16823,Nigeria,3,0,0,0.73,0.00,0.73,Mediano
20465,S. Lichtsteiner,DEF,right,19840116,756,75,182,756,6697,Switzerland,2,0,0,0.73,0.00,0.73,Mediano
116269,D. Laxalt,MID,left,19930207,858,66,178,380,15670,Uruguay,1,0,0,0.73,0.00,0.73,Mediano
103682,R. Zobnin,MID,right,19940211,643,72,182,643,14358,Russia,7,0,0,0.72,0.00,0.72,Mediano
70095,C. Rodríguez,MID,left,19850930,858,84,177,380,15670,Uruguay,4,0,0,0.72,0.00,0.72,Mediano
14731,M. Gómez,FWD,right,19850710,276,88,189,724,3148,Germany,4,0,0,0.70,0.00,0.70,Mediano
241945,P. Sisto,MID,right,19950204,728,64,171,208,7712,Denmark,2,0,0,0.70,0.00,0.70,Mediano
61949,M. Lustig,DEF,right,19861213,752,77,189,752,7047,Sweden,1,0,0,0.70,0.00,0.70,Mediano
240042,D. Kownacki,FWD,right,19970314,616,75,187,616,13869,Poland,2,0,0,0.70,0.00,0.70,Mediano
101796,M. Ureña,FWD,right,19900305,188,70,179,188,16871,Costa Rica,2,0,0,0.70,0.00,0.70,Mediano
131862,L. Ovalle,DEF,left,19880907,591,72,178,591,17929,Panama,0,0,0,0.70,0.00,0.70,Mediano
116293,H. Cummings,DEF,right,19920301,591,84,180,591,17929,Panama,0,0,0,0.70,0.00,0.70,Mediano
125848,A. Machado,DEF,right,19850214,591,71,182,591,17929,Panama,0,0,0,0.70,0.00,0.70,Mediano
89186,P. Dybala,FWD,left,19931115,32,69,177,616,12274,Argentina,1,0,0,0.70,0.00,0.70,Mediano
281254,K. Dolberg,FWD,right,19971006,208,82,187,208,7712,Denmark,0,0,0,0.70,0.00,0.70,Mediano
107413,Chul Hong,DEF,left,19900917,410,67,176,410,14855,Korea Republic,0,0,0,0.70,0.00,0.70,Mediano
4814,A. Aguilar,MID,right,19850106,170,82,186,170,12430,Colombia,0,0,0,0.70,0.00,0.70,Mediano
55957,J. Knudsen,DEF,left,19920916,208,72,185,208,7712,Denmark,0,0,0,0.70,0.00,0.70,Mediano
243588,Bruno Fernandes,MID,right,19940908,620,69,179,620,9905,Portugal,3,0,0,0.70,0.00,0.70,Mediano
207164,B. N'Diaye,MID,right,19901027,686,76,180,686,19314,Senegal,1,0,0,0.70,0.00,0.70,Mediano
262048,Al. Miranchuk,MID,left,19951017,643,74,182,643,14358,Russia,0,0,0,0.70,0.00,0.70,Mediano
95299,Min-Woo Kim,MID,left,19900225,410,66,174,410,14855,Korea Republic,1,0,0,0.70,0.00,0.70,Mediano
55988,C. Bolaños,MID,right,19840517,188,70,175,188,16871,Costa Rica,0,0,0,0.70,0.00,0.70,Mediano
91702,J. Mojica,DEF,left,19920821,170,66,179,170,12430,Colombia,1,0,0,0.70,0.00,0.70,Mediano
101857,Y. Zhirkov,MID,left,19830820,643,75,180,643,14358,Russia,2,0,0,0.70,0.00,0.70,Mediano
107529,Yong Lee,DEF,right,19861224,410,76,180,410,14855,Korea Republic,1,0,0,0.70,0.00,0.70,Mediano
285396,C. Pavón,FWD,right,19960121,32,65,167,32,12274,Argentina,1,0,0,0.68,0.00,0.68,Mediano
26100,N. Sliti,MID,right,19920727,250,75,173,788,16276,Tunisia,6,0,0,0.67,0.00,0.67,Mediano
388928,Amr Warda,MID,right,19930917,818,70,176,818,16129,Egypt,2,0,0,0.67,0.00,0.67,Mediano
135810,M. Pjaca,FWD,right,19950506,191,81,186,191,9598,Croatia,1,0,0,0.67,0.00,0.67,Mediano
79381,A. Jahanbakhsh,FWD,right,19930811,364,78,180,364,10840,Iran,1,0,0,0.67,0.00,0.67,Mediano
122623,Fahad Al Muwallad,FWD,right,19940914,682,65,168,682,16521,Saudi Arabia,1,0,0,0.67,0.00,0.67,Mediano
79098,R. Rezaeian,DEF,right,19900321,364,79,185,364,10840,Iran,0,0,0,0.67,0.00,0.67,Mediano
70403,Adrien Silva,MID,right,19890315,250,69,175,620,9905,Portugal,2,0,0,0.65,0.00,0.65,Mediano
112392,R. Jiménez,FWD,right,19910505,484,81,187,484,15473,Mexico,1,0,0,0.65,0.00,0.65,Mediano
51145,O. Hiljemark,MID,right,19920628,752,73,184,752,7047,Sweden,0,0,0,0.65,0.00,0.65,Mediano
237274,N. Radonjić,MID,right,19960215,688,76,185,688,17322,Serbia,0,0,0,0.65,0.00,0.65,Mediano
135150,A. Cornelius,FWD,left,19930316,208,79,193,208,7712,Denmark,0,0,0,0.65,0.00,0.65,Mediano
79006,S. Azmoun,FWD,right,19950101,364,79,186,364,10840,Iran,2,0,0,0.63,0.00,0.63,Mediano
120225,Marwan Mohsen,FWD,right,19890226,818,80,184,818,16129,Egypt,4,0,0,0.60,0.00,0.60,Mediano
14730,T. Usami,FWD,right,19920506,392,77,180,392,12913,Japan,3,0,0,0.60,0.00,0.60,Mediano
20766,H. Seferović,FWD,left,19920222,756,85,185,70,6697,Switzerland,1,0,0,0.60,0.00,0.60,Mediano
101847,M. Carcela-González,MID,left,19890701,56,67,176,504,16216,Morocco,0,0,0,0.60,0.00,0.60,Mediano
125268,Y. Tejeda,MID,right,19920317,188,66,177,188,16871,Costa Rica,0,0,0,0.60,0.00,0.60,Mediano
21333,Y. Benalouane,DEF,right,19870328,250,79,185,788,16276,Tunisia,0,0,0,0.60,0.00,0.60,Mediano
99452,A. Milik,FWD,left,19940228,616,78,186,616,13869,Poland,1,0,0,0.60,0.00,0.60,Mediano
89073,M. Acuña,MID,left,19911028,32,69,172,32,12274,Argentina,1,0,0,0.60,0.00,0.60,Mediano
3509,M. Shojaei,MID,right,19840609,364,73,184,364,10840,Iran,0,0,0,0.60,0.00,0.60,Mediano
49977,M. Lang,DEF,right,19910208,756,79,185,756,6697,Switzerland,1,0,0,0.60,0.00,0.60,Mediano
127796,F. Kostić,MID,left,19921101,688,82,184,688,17322,Serbia,2,0,0,0.57,0.00,0.57,Mediano
15080,N. Jørgensen,FWD,right,19910115,208,84,190,208,7712,Denmark,3,0,0,0.55,0.00,0.55,Mediano
3714,C. Stuani,FWD,right,19861012,858,72,184,380,15670,Uruguay,0,0,0,0.55,0.00,0.55,Mediano
333803,M. Mohammadi,DEF,left,19930929,364,79,178,364,10840,Iran,0,0,0,0.50,0.00,0.50,Mediano
131602,A. Arroyo,FWD,right,19931213,591,80,187,591,17929,Panama,0,0,0,0.50,0.00,0.50,Mediano
122749,Muhannad Asiri,FWD,right,19861014,682,79,185,682,16521,Saudi Arabia,1,0,0,0.50,0.00,0.50,Mediano
97582,M. Konaté,FWD,right,19930403,686,78,181,686,19314,Senegal,1,0,0,0.50,0.00,0.50,Mediano
7945,D. Welbeck,FWD,right,19901126,0,73,185,288,2413,England,1,0,0,0.50,0.00,0.50,Mediano
32706,R. Azofeifa,MID,right,19841230,188,82,183,188,16871,Costa Rica,0,0,0,0.50,0.00,0.50,Mediano
135207,H. Magnússon,DEF,left,19930211,352,77,190,352,7839,Iceland,2,0,0,0.50,0.00,0.50,Mediano
151,J. Guidetti,FWD,right,19920415,752,79,185,752,7047,Sweden,1,0,0,0.40,0.00,0.40,Mediano
49862,Joo-Ho Park,DEF,left,19870116,410,73,176,410,14855,Korea Republic,0,0,0,0.40,0.00,0.40,Mediano
101682,V. Granat,DEF,left,19870522,643,80,184,643,14358,Russia,0,0,0,0.30,0.00,0.30,Mediano
26610,D. Sakho,FWD,right,19891224,686,79,184,250,19314,Senegal,0,0,0,0.30,0.00,0.30,Mediano
216568,A. Gudmundsson,FWD,right,19970615,352,66,177,352,7839,Iceland,0,0,0,0.00,0.00,0.00,Mediano
57480,A. Traustason,MID,right,19930430,352,71,182,352,7839,Iceland,1,0,0,0.00,0.00,0.00,Mediano
V. Granat,DEF,left,19870522,80,184,Russia,0,0,0,Mediano,,,,,,,
Y. Benalouane,DEF,right,19870328,79,185,Tunisia,0,0,0,Mediano,,,,,,,
S. Amrabat,MID,right,19960821,70,182,Morocco,0,0,0,Mediano,,,,,,,
M. Acuña,MID,left,19911028,69,172,Argentina,0,0,0,Mediano,,,,,,,
P. Dybala,FWD,left,19931115,69,177,Argentina,0,0,0,Mediano,,,,,,,
A. Traustason,MID,right,19930430,71,182,Iceland,0,0,0,Mediano,,,,,,,
S. Mandanda,GKP,right,19850328,82,185,France,0,0,0,Mediano,,,,,,,
M. Borja,FWD,right,19930126,82,183,Colombia,0,0,0,Mediano,,,,,,,
B. Mendy,DEF,left,19940717,85,185,France,0,0,0,Mediano,,,,,,,
F. Thauvin,FWD,left,19930126,70,179,France,0,0,0,Mediano,,,,,,,
L. Gassama,DEF,right,19891020,74,181,Senegal,0,0,0,Mediano,,,,,,,
D. Sidibé,DEF,right,19920729,71,182,France,0,0,0,Mediano,,,,,,,
R. Wallace,MID,left,19880617,75,182,Costa Rica,0,0,0,Mediano,,,,,,,
D. Sakho,FWD,right,19891224,79,184,Senegal,0,0,0,Mediano,,,,,,,
Y. Tejeda,MID,right,19920317,66,177,Costa Rica,0,0,0,Mediano,,,,,,,
B. Keita,FWD,right,19950308,80,181,Senegal,0,0,0,Mediano,,,,,,,
T. Lemar,MID,left,19951112,58,170,France,0,0,0,Mediano,,,,,,,
J. Urretavizcaya,MID,right,19900319,69,174,Uruguay,0,0,0,Mediano,,,,,,,
Y. Muto,FWD,right,19920715,72,179,Japan,0,0,0,Mediano,,,,,,,
Gelson Martins,FWD,right,19950511,65,173,Portugal,0,0,0,Mediano,,,,,,,
Manuel Fernandes,MID,right,19860205,75,176,Portugal,0,0,0,Mediano,,,,,,,
Al. Miranchuk,MID,left,19951017,74,182,Russia,0,0,0,Mediano,,,,,,,
F. Bradarić,MID,right,19920111,77,185,Croatia,0,0,0,Mediano,,,,,,,
Young-Sun Yun,DEF,right,19881004,78,185,Korea Republic,0,0,0,Mediano,,,,,,,
J. Knudsen,DEF,left,19920916,72,185,Denmark,0,0,0,Mediano,,,,,,,
Yo-Han Go,MID,right,19880310,65,170,Korea Republic,0,0,0,Mediano,,,,,,,
J. Böðvarsson,FWD,right,19920525,85,190,Iceland,0,0,0,Mediano,,,,,,,
R. Cheshmi,DEF,right,19930724,83,192,Iran,0,0,0,Mediano,,,,,,,
S. Morsy,MID,right,19910910,76,175,Egypt,0,0,0,Mediano,,,,,,,
I. Díaz,FWD,right,19970512,77,182,Panama,0,0,0,Mediano,,,,,,,
I. Smith,DEF,right,19980306,68,177,Costa Rica,0,0,0,Mediano,,,,,,,
O. Murillo,DEF,left,19880418,82,184,Colombia,0,0,0,Mediano,,,,,,,
Mohammed Kanno,MID,right,19940922,73,192,Saudi Arabia,0,0,0,Mediano,,,,,,,
H. Cummings,DEF,right,19920301,84,180,Panama,0,0,0,Mediano,,,,,,,
A. Khalil,MID,right,19941221,80,187,Tunisia,0,0,0,Mediano,,,,,,,
R. Bedoui,DEF,right,19900119,81,190,Tunisia,0,0,0,Mediano,,,,,,,
Shin-Wook Kim,FWD,right,19880414,97,197,Korea Republic,0,0,0,Mediano,,,,,,,
A. Santamaría,DEF,right,19920110,76,183,Peru,0,0,0,Mediano,,,,,,,
Omar Hawsawi,DEF,right,19850927,76,185,Saudi Arabia,0,0,0,Mediano,,,,,,,
M. Ben Amor,MID,right,19920503,75,184,Tunisia,0,0,0,Mediano,,,,,,,
G. Chaalali,MID,right,19940228,72,179,Tunisia,0,0,0,Mediano,,,,,,,
L. Ovalle,DEF,left,19880907,72,178,Panama,0,0,0,Mediano,,,,,,,
R. Azofeifa,MID,right,19841230,82,183,Costa Rica,0,0,0,Mediano,,,,,,,
Motaz Hawsawi,DEF,right,19920217,79,180,Saudi Arabia,0,0,0,Mediano,,,,,,,
T. Makino,DEF,right,19870511,77,182,Japan,0,0,0,Mediano,,,,,,,
A. Machado,DEF,right,19850214,71,182,Panama,0,0,0,Mediano,,,,,,,
Ali Al Bulayhi,DEF,left,19891121,83,182,Saudi Arabia,0,0,0,Mediano,,,,,,,
L. Dendoncker,MID,right,19950415,76,188,Belgium,0,0,0,Mediano,,,,,,,
